<?xml version="1.0"?>
<doc>
    <assembly>
        <name>Microsoft.ApplicationInsights.PersistenceChannel</name>
    </assembly>
    <members>
        <member name="P:Microsoft.ApplicationInsights.Channel.ApplicationLifecycleTransmissionPolicy.StartupTransmissionDuration">
            <summary>
            Gets or sets the value that determines how long buffering and sending of transmissions
            will continue after the <see cref="E:Microsoft.ApplicationInsights.Extensibility.IApplicationLifecycle.Started"/> event.
            </summary>
        </member>
        <member name="P:Microsoft.ApplicationInsights.Channel.ErrorHandlingTransmissionPolicy.PauseDuration">
            <summary>
            Gets or sets a value that determines amount of time transmission sending will
            be paused before attempting to resume transmission after a network error is detected.
            </summary>
        </member>
        <member name="T:Microsoft.ApplicationInsights.Channel.PersistenceChannel">
            <summary>
            Represents a communication channel for sending telemetry to Application Insights via HTTPS.
            </summary>
        </member>
        <member name="M:Microsoft.ApplicationInsights.Channel.PersistenceChannel.#ctor">
            <summary>
            Initializes a new instance of the <see cref="T:Microsoft.ApplicationInsights.Channel.PersistenceChannel"/> class.
            </summary>
        </member>
        <member name="M:Microsoft.ApplicationInsights.Channel.PersistenceChannel.Dispose">
            <summary>
            Releases unmanaged and - optionally - managed resources.
            </summary>
        </member>
        <member name="M:Microsoft.ApplicationInsights.Channel.PersistenceChannel.Send(Microsoft.ApplicationInsights.Channel.ITelemetry)">
            <summary>
            Sends an instance of ITelemetry through the channel.
            </summary>
        </member>
        <member name="M:Microsoft.ApplicationInsights.Channel.PersistenceChannel.Flush">
            <summary>
            Will send all the telemetry items stored in the memory.
            </summary>
        </member>
        <member name="M:Microsoft.ApplicationInsights.Channel.PersistenceChannel.Initialize(Microsoft.ApplicationInsights.Extensibility.TelemetryConfiguration)">
            <summary>
            Initialize method is called after all configuration properties have been loaded from the configuration.
            </summary>
        </member>
        <member name="P:Microsoft.ApplicationInsights.Channel.PersistenceChannel.DeveloperMode">
            <summary>
            Gets or sets a value indicating whether developer mode of telemetry transmission is enabled.
            When developer mode is True, <see cref="T:Microsoft.ApplicationInsights.Channel.PersistenceChannel"/> sends telemetry to Application Insights immediately 
            during the entire lifetime of the application. When developer mode is False, <see cref="T:Microsoft.ApplicationInsights.Channel.PersistenceChannel"/>
            respects production sending policies defined by other properties.
            </summary>
        </member>
        <member name="P:Microsoft.ApplicationInsights.Channel.PersistenceChannel.EndpointAddress">
            <summary>
            Gets or sets the HTTP address where the telemetry is sent.
            </summary>
        </member>
        <member name="P:Microsoft.ApplicationInsights.Channel.PersistenceChannel.DataUploadIntervalInSeconds">
            <summary>
            Gets or sets the maximum telemetry batching interval. Once the interval expires, <see cref="T:Microsoft.ApplicationInsights.Channel.PersistenceChannel"/> 
            serializes the accumulated telemetry items for transmission.
            </summary>
        </member>
        <member name="P:Microsoft.ApplicationInsights.Channel.PersistenceChannel.MaxTelemetryBufferCapacity">
            <summary>
            Gets or sets the maximum number of telemetry items will accumulate in a memory before 
            the <see cref="T:Microsoft.ApplicationInsights.Channel.PersistenceChannel"/> serializing them for transmission to Application Insights.
            </summary>
        </member>
        <member name="P:Microsoft.ApplicationInsights.Channel.PersistenceChannel.MaxTransmissionBufferCapacity">
            <summary>
            Gets or sets the maximum amount of memory, in bytes, that <see cref="T:Microsoft.ApplicationInsights.Channel.PersistenceChannel"/> will use 
            to buffer transmissions before sending them to Application Insights.
            </summary>
        </member>
        <member name="P:Microsoft.ApplicationInsights.Channel.PersistenceChannel.MaxTransmissionSenderCapacity">
            <summary>
            Gets or sets the maximum number of telemetry transmissions that <see cref="T:Microsoft.ApplicationInsights.Channel.PersistenceChannel"/> will 
            send to Application Insights at the same time.
            </summary>
        </member>
        <member name="P:Microsoft.ApplicationInsights.Channel.PersistenceChannel.MaxTransmissionStorageCapacity">
            <summary>
            Gets or sets the maximum amount of disk space, in bytes, that <see cref="T:Microsoft.ApplicationInsights.Channel.PersistenceChannel"/> will 
            use to store unsent telemetry transmissions.
            </summary>
        </member>
        <member name="P:Microsoft.ApplicationInsights.Channel.PersistenceChannel.StopUploadAfterIntervalInSeconds">
            <summary>
            Gets or sets the amount of time, in seconds, after application is started when the 
            <see cref="T:Microsoft.ApplicationInsights.Channel.PersistenceChannel"/> will send telemetry to ApplicationInsights. Once the specified 
            amount of time runs out, telemetry will be stored on disk until the application is started again.
            </summary>
        </member>
        <member name="P:Microsoft.ApplicationInsights.Channel.TransmissionBuffer.Capacity">
            <summary>
            Gets or sets the maximum amount of memory in bytes for buffering <see cref="T:Microsoft.ApplicationInsights.Channel.Transmission"/> objects.
            </summary>
            <remarks>
            Use this property to limit the amount of memory used to store telemetry in memory of the 
            application before transmission. Once the maximum amount of memory is
            reached, <see cref="M:Microsoft.ApplicationInsights.Channel.TransmissionBuffer.EnqueueAsync(System.Func{System.Threading.Tasks.Task{Microsoft.ApplicationInsights.Channel.Transmission}})"/> will reject new transmissions.
            </remarks>
        </member>
        <member name="P:Microsoft.ApplicationInsights.Channel.TransmissionSender.Capacity">
            <summary>
            Gets or sets the the maximum number of <see cref="T:Microsoft.ApplicationInsights.Channel.Transmission"/> objects that can be sent simultaneously.
            </summary>
            <remarks>
            Use this property to limit the number of concurrent HTTP connections. Once the maximum number of 
            transmissions in progress is reached, <see cref="M:Microsoft.ApplicationInsights.Channel.TransmissionSender.EnqueueAsync(System.Func{System.Threading.Tasks.Task{Microsoft.ApplicationInsights.Channel.Transmission}})"/> will stop accepting new transmissions
            until previous transmissions are sent.
            </remarks>
        </member>
        <member name="P:Microsoft.ApplicationInsights.Channel.TransmissionStorage.Capacity">
            <summary>
            Gets or sets the total amount of disk space, in bytes, allowed for storing transmission files.
            </summary>
        </member>
        <member name="T:Microsoft.ApplicationInsights.Channel.Transmitter">
            <summary>
            Implements throttled and persisted transmission of telemetry to Application Insights. 
            </summary>
        </member>
        <member name="M:Microsoft.ApplicationInsights.Channel.Transmitter.#ctor(Microsoft.ApplicationInsights.Channel.TransmissionSender,Microsoft.ApplicationInsights.Channel.TransmissionBuffer,Microsoft.ApplicationInsights.Channel.TransmissionStorage,System.Collections.Generic.IEnumerable{Microsoft.ApplicationInsights.Channel.TransmissionPolicy})">
            <summary>
            Initializes a new instance of the <see cref="T:Microsoft.ApplicationInsights.Channel.Transmitter"/> class. Used only for UTs.
            </summary>
        </member>
        <member name="M:Microsoft.ApplicationInsights.Channel.Transmitter.SendAsync(System.Collections.Generic.IEnumerable{Microsoft.ApplicationInsights.Channel.ITelemetry})">
            <summary>
            Try to send the telemetry items in the telemetry buffer. If other telemetry items are currently being sent, the telemetry item will cache the telemetry items in a memory buffer, 
            if the memory buffer is full the telemetry items will be persisted to disk. 
            </summary>
        </member>
        <member name="M:Microsoft.ApplicationInsights.Channel.Transmitter.Flush">
            <summary>
            Persist the in-memory telemetry items.
            </summary>
        </member>
        <member name="M:Microsoft.ApplicationInsights.Extensibility.Implementation.IApplicationFolderProvider.GetApplicationFolder">
            <summary>
            Returns a per-user/per-application folder.
            </summary>
            <returns>
            An <see cref="T:Microsoft.ApplicationInsights.Extensibility.Implementation.IPlatformFolder"/> instance, or <c>null</c> if current application does not have access to file system.
            </returns>
        </member>
        <member name="T:Microsoft.ApplicationInsights.Extensibility.Implementation.INetwork">
            <summary>
            Encapsulates platform-specific behavior of network information APIs.
            </summary>
        </member>
        <member name="M:Microsoft.ApplicationInsights.Extensibility.Implementation.INetwork.AddAddressChangedEventHandler(System.Net.NetworkInformation.NetworkAddressChangedEventHandler)">
            <summary>
            Adds <see cref="E:System.Net.NetworkInformation.NetworkChange.NetworkAddressChanged"/> event handler.
            </summary>
            <remarks>
            Defined as a method instead of an event in this interface because C# compiler 
            changes signature of event in a Windows Runtime component, making it very hard 
            to implement properly.
            </remarks>
        </member>
        <member name="T:Microsoft.ApplicationInsights.Extensibility.Implementation.Platform.Network">
            <summary>
            Encapsulates platform-specific behavior of network information APIs.
            </summary>
        </member>
    </members>
</doc>
